date,border,local
2024-09-01,0,119
2024-08-31,0,97
2024-08-30,0,154
2024-08-29,0,154
2024-08-28,0,181
2024-08-27,0,228
2024-08-26,0,258
2024-08-25,0,121
2024-08-24,0,118
2024-08-23,0,127
2024-08-22,0,178
2024-08-21,0,246
2024-08-20,0,216
2024-08-19,0,281
2024-08-18,0,171
2024-08-17,0,125
2024-08-16,0,196
2024-08-15,0,210
2024-08-14,0,263
2024-08-13,0,217
2024-08-12,0,301
2024-08-11,0,177
2024-08-10,0,154
2024-08-09,0,208
2024-08-08,0,261
2024-08-07,0,217
2024-08-06,0,378
2024-08-05,0,277
2024-08-04,0,150
2024-08-03,0,123
2024-08-02,0,189
2024-08-01,0,190
2024-07-31,0,260
2024-07-30,0,269
2024-07-29,0,310
2024-07-28,0,177
2024-07-27,0,153
2024-07-26,0,195
2024-07-25,0,254
2024-07-24,0,267
2024-07-23,0,319
2024-07-22,0,384
2024-07-21,0,250
2024-07-20,0,159
2024-07-19,0,236
2024-07-18,0,323
2024-07-17,0,332
2024-07-16,0,349
2024-07-15,0,442
2024-07-14,0,235
2024-07-13,0,173
2024-07-12,0,293
2024-07-11,0,318
2024-07-10,0,422
2024-07-09,0,377
2024-07-08,0,481
2024-07-07,0,264
2024-07-06,0,249
2024-07-05,0,339
2024-07-04,0,380
2024-07-03,0,441
2024-07-02,0,458
2024-07-01,0,623
2024-06-30,0,378
2024-06-29,0,304
2024-06-28,0,282
2024-06-27,0,403
2024-06-26,0,511
2024-06-25,0,588
2024-06-24,0,616
2024-06-23,0,392
2024-06-22,0,299
2024-06-21,0,464
2024-06-20,0,592
2024-06-19,0,698
2024-06-18,0,747
2024-06-17,0,962
2024-06-16,0,546
2024-06-15,0,410
2024-06-14,0,618
2024-06-13,0,706
2024-06-12,0,835
2024-06-11,0,976
2024-06-10,0,1109
2024-06-09,0,731
2024-06-08,0,614
2024-06-07,0,889
2024-06-06,0,1029
2024-06-05,0,1258
2024-06-04,0,1379
2024-06-03,0,825
2024-06-02,0,691
2024-06-01,0,613
2024-05-31,0,853
2024-05-30,0,1074
2024-05-29,0,1214
2024-05-28,0,1365
2024-05-27,0,1543
2024-05-26,0,805
2024-05-25,0,708
2024-05-24,0,952
2024-05-23,0,1014
2024-05-22,0,948
2024-05-21,0,1126
2024-05-20,0,1083
2024-05-19,0,672
2024-05-18,0,482
2024-05-17,0,788
2024-05-16,0,809
2024-05-15,0,958
2024-05-14,0,801
2024-05-13,0,825
2024-05-12,0,447
2024-05-11,0,341
2024-05-10,0,418
2024-05-09,0,435
2024-05-08,0,496
2024-05-07,0,530
2024-05-06,0,677
2024-05-05,0,314
2024-05-04,0,241
2024-05-03,0,398
2024-05-02,0,409
2024-05-01,0,495
2024-04-30,0,500
2024-04-29,0,510
2024-04-28,0,311
2024-04-27,0,232
2024-04-26,0,337
2024-04-25,0,235
2024-04-24,0,376
2024-04-23,0,403
2024-04-22,0,448
2024-04-21,0,234
2024-04-20,0,227
2024-04-19,0,387
2024-04-18,0,360
2024-04-17,0,347
2024-04-16,0,377
2024-04-15,0,447
2024-04-14,0,251
2024-04-13,0,220
2024-04-12,0,334
2024-04-11,0,391
2024-04-10,0,435
2024-04-09,0,413
2024-04-08,0,577
2024-04-07,0,360
2024-04-06,0,261
2024-04-05,0,459
2024-04-04,0,512
2024-04-03,0,659
2024-04-02,0,721
2024-04-01,0,410
2024-03-31,0,295
2024-03-30,0,315
2024-03-29,0,257
2024-03-28,0,483
2024-03-27,0,653
2024-03-26,0,602
2024-03-25,0,794
2024-03-24,0,493
2024-03-23,0,353
2024-03-22,0,523
2024-03-21,0,596
2024-03-20,0,634
2024-03-19,0,691
2024-03-18,0,753
2024-03-17,0,438
2024-03-16,0,386
2024-03-15,0,576
2024-03-14,0,680
2024-03-13,0,738
2024-03-12,0,863
2024-03-11,0,988
2024-03-10,0,514
2024-03-09,0,468
2024-03-08,0,627
2024-03-07,0,696
2024-03-06,0,739
2024-03-05,0,751
2024-03-04,0,1005
2024-03-03,0,618
2024-03-02,0,497
2024-03-01,0,671
2024-02-29,0,778
2024-02-28,0,910
2024-02-27,0,982
2024-02-26,0,1117
2024-02-25,0,763
2024-02-24,0,581
2024-02-23,0,771
2024-02-22,0,891
2024-02-21,0,969
2024-02-20,0,948
2024-02-19,0,1154
2024-02-18,0,719
2024-02-17,0,591
2024-02-16,0,830
2024-02-15,0,935
2024-02-14,0,986
2024-02-13,0,1002
2024-02-12,0,1248
2024-02-11,0,638
2024-02-10,0,601
2024-02-09,0,901
2024-02-08,0,855
2024-02-07,0,1194
2024-02-06,0,705
2024-02-05,0,975
2024-02-04,0,627
2024-02-03,0,525
2024-02-02,0,763
2024-02-01,0,814
2024-01-31,0,878
2024-01-30,0,1041
2024-01-29,0,902
2024-01-28,0,612
2024-01-27,0,556
2024-01-26,0,745
2024-01-25,0,835
2024-01-24,0,854
2024-01-23,0,1033
2024-01-22,0,1126
2024-01-21,0,777
2024-01-20,0,598
2024-01-19,0,867
2024-01-18,0,918
2024-01-17,0,1052
2024-01-16,0,1244
2024-01-15,0,1517
2024-01-14,0,798
2024-01-13,0,704
2024-01-12,0,1039
2024-01-11,0,1137
2024-01-10,0,1356
2024-01-09,0,1498
2024-01-08,0,1499
2024-01-07,0,901
2024-01-06,0,836
2024-01-05,0,994
2024-01-04,0,1094
2024-01-03,0,1289
2024-01-02,0,791
2024-01-01,0,667
2023-12-31,0,650
2023-12-30,0,742
2023-12-29,0,1158
2023-12-28,0,1111
2023-12-27,0,1221
2023-12-26,0,826
2023-12-25,0,566
2023-12-24,0,751
2023-12-23,0,872
2023-12-22,0,1053
2023-12-21,0,1011
2023-12-20,0,1173
2023-12-19,0,1294
2023-12-18,0,1529
2023-12-17,0,876
2023-12-16,0,786
2023-12-15,0,1031
2023-12-14,0,1054
2023-12-13,0,1121
2023-12-12,0,1169
2023-12-11,0,1374
2023-12-10,0,807
2023-12-09,0,642
2023-12-08,0,868
2023-12-07,0,1045
2023-12-06,0,1056
2023-12-05,0,1265
2023-12-04,0,1322
2023-12-03,0,794
2023-12-02,0,580
2023-12-01,0,875
2023-11-30,0,1015
2023-11-29,0,1080
2023-11-28,0,1054
2023-11-27,0,1278
2023-11-26,0,707
2023-11-25,0,544
2023-11-24,0,833
2023-11-23,0,1019
2023-11-22,0,1131
2023-11-21,0,1270
2023-11-20,0,1292
2023-11-19,0,792
2023-11-18,0,690
2023-11-17,0,935
2023-11-16,0,1088
2023-11-15,0,1308
2023-11-14,0,1434
2023-11-13,0,1635
2023-11-12,0,823
2023-11-11,0,646
2023-11-10,0,951
2023-11-09,0,753
2023-11-08,0,843
2023-11-07,0,866
2023-11-06,0,1074
2023-11-05,0,581
2023-11-04,0,516
2023-11-03,0,725
2023-11-02,0,823
2023-11-01,0,810
2023-10-31,0,1234
2023-10-30,0,703
2023-10-29,0,439
2023-10-28,0,353
2023-10-27,0,509
2023-10-26,0,771
2023-10-25,0,751
2023-10-24,0,898
2023-10-23,0,570
2023-10-22,0,448
2023-10-21,0,401
2023-10-20,0,558
2023-10-19,0,624
2023-10-18,0,708
2023-10-17,0,748
2023-10-16,0,756
2023-10-15,0,413
2023-10-14,0,438
2023-10-13,0,502
2023-10-12,0,580
2023-10-11,0,619
2023-10-10,0,618
2023-10-09,0,703
2023-10-08,0,394
2023-10-07,0,386
2023-10-06,0,496
2023-10-05,0,512
2023-10-04,0,589
2023-10-03,0,561
2023-10-02,0,640
2023-10-01,0,421
2023-09-30,0,320
2023-09-29,0,419
2023-09-28,0,430
2023-09-27,0,398
2023-09-26,0,485
2023-09-25,0,483
2023-09-24,0,329
2023-09-23,0,304
2023-09-22,0,406
2023-09-21,0,425
2023-09-20,0,483
2023-09-19,0,454
2023-09-18,0,591
2023-09-17,0,367
2023-09-16,0,301
2023-09-15,0,413
2023-09-14,0,459
2023-09-13,0,460
2023-09-12,0,460
2023-09-11,0,612
2023-09-10,0,450
2023-09-09,0,359
2023-09-08,0,427
2023-09-07,0,538
2023-09-06,0,510
2023-09-05,0,550
2023-09-04,0,642
2023-09-03,0,410
2023-09-02,0,393
2023-09-01,0,480
2023-08-31,0,534
2023-08-30,0,576
2023-08-29,0,579
2023-08-28,0,654
2023-08-27,0,383
2023-08-26,0,338
2023-08-25,0,416
2023-08-24,0,462
2023-08-23,0,510
2023-08-22,0,631
2023-08-21,0,745
2023-08-20,0,424
2023-08-19,0,333
2023-08-18,0,429
2023-08-17,0,472
2023-08-16,0,526
2023-08-15,0,575
2023-08-14,0,1181
2023-08-13,0,665
2023-08-12,0,479
2023-08-11,0,654
2023-08-10,0,748
2023-08-09,0,904
2023-08-08,0,909
2023-08-07,0,996
2023-08-06,0,541
2023-08-05,0,416
2023-08-04,0,627
2023-08-03,0,638
2023-08-02,0,726
2023-08-01,0,824
2023-07-31,0,850
2023-07-30,0,447
2023-07-29,0,348
2023-07-28,0,467
2023-07-27,0,517
2023-07-26,0,552
2023-07-25,0,607
2023-07-24,0,674
2023-07-23,0,384
2023-07-22,0,320
2023-07-21,0,402
2023-07-20,0,546
2023-07-19,0,588
2023-07-18,0,646
2023-07-17,0,864
2023-07-16,0,535
2023-07-15,0,414
2023-07-14,0,372
2023-07-13,0,587
2023-07-12,0,685
2023-07-11,0,765
2023-07-10,0,948
2023-07-09,0,615
2023-07-08,0,460
2023-07-07,0,701
2023-07-06,0,803
2023-07-05,0,866
2023-07-04,0,923
2023-07-03,0,1036
2023-07-02,0,632
2023-07-01,0,518
2023-06-30,0,822
2023-06-29,0,952
2023-06-28,0,1008
2023-06-27,0,1209
2023-06-26,0,1392
2023-06-25,0,823
2023-06-24,0,632
2023-06-23,0,1002
2023-06-22,0,1090
2023-06-21,0,1236
2023-06-20,0,1370
2023-06-19,0,1540
2023-06-18,0,961
2023-06-17,0,689
2023-06-16,0,1006
2023-06-15,0,1210
2023-06-14,0,1378
2023-06-13,0,1500
2023-06-12,0,1786
2023-06-11,0,1045
2023-06-10,0,804
2023-06-09,0,1280
2023-06-08,0,1496
2023-06-07,0,1757
2023-06-06,0,2093
2023-06-05,0,1398
2023-06-04,0,987
2023-06-03,0,918
2023-06-02,0,1458
2023-06-01,0,1764
2023-05-31,0,2012
2023-05-30,0,2169
2023-05-29,0,2686
2023-05-28,0,1596
2023-05-27,0,1162
2023-05-26,0,1671
2023-05-25,0,1924
2023-05-24,0,2237
2023-05-23,0,2448
2023-05-22,0,2843
2023-05-21,0,1568
2023-05-20,0,1253
2023-05-19,0,1771
2023-05-18,0,1872
2023-05-17,0,2161
2023-05-16,0,2181
2023-05-15,0,2439
2023-05-14,0,1377
2023-05-13,0,1021
2023-05-12,0,1410
2023-05-11,0,1689
2023-05-10,0,1821
2023-05-09,0,1954
2023-05-08,0,2435
2023-05-07,0,1417
2023-05-06,0,1221
2023-05-05,0,1599
2023-05-04,0,1854
2023-05-03,0,1896
2023-05-02,0,1958
2023-05-01,1,2293
2023-04-30,0,1336
2023-04-29,0,970
2023-04-28,0,1616
2023-04-27,0,1714
2023-04-26,0,2079
2023-04-25,0,1483
2023-04-24,0,1870
2023-04-23,0,1177
2023-04-22,0,1051
2023-04-21,0,1491
2023-04-20,0,1724
2023-04-19,0,2061
2023-04-18,0,2115
2023-04-17,0,2751
2023-04-16,0,1509
2023-04-15,0,1221
2023-04-14,0,1825
2023-04-13,0,2248
2023-04-12,0,2441
2023-04-11,0,3005
2023-04-10,0,1952
2023-04-09,0,1307
2023-04-08,0,1246
2023-04-07,0,1148
2023-04-06,0,1803
2023-04-05,0,2026
2023-04-04,0,2143
2023-04-03,0,2459
2023-04-02,0,1546
2023-04-01,0,1214
2023-03-31,0,1582
2023-03-30,0,1717
2023-03-29,0,1824
2023-03-28,0,1909
2023-03-27,0,2392
2023-03-26,0,1374
2023-03-25,0,1083
2023-03-24,0,1505
2023-03-23,0,1594
2023-03-22,0,1767
2023-03-21,0,1780
2023-03-20,0,2144
2023-03-19,0,1216
2023-03-18,0,1016
2023-03-17,0,1434
2023-03-16,0,1647
2023-03-15,0,1765
2023-03-14,0,1903
2023-03-13,0,2171
2023-03-12,0,1282
2023-03-11,0,1175
2023-03-10,0,1474
2023-03-09,0,1845
2023-03-08,0,1820
2023-03-07,0,1773
2023-03-06,0,2139
2023-03-05,0,1247
2023-03-04,0,1036
2023-03-03,0,1613
2023-03-02,0,1757
2023-03-01,0,1793
2023-02-28,0,1898
2023-02-27,0,2085
2023-02-26,0,1139
2023-02-25,0,884
2023-02-24,0,1141
2023-02-23,0,1274
2023-02-22,0,1374
2023-02-21,0,1451
2023-02-20,0,1704
2023-02-19,0,1059
2023-02-18,0,820
2023-02-17,0,1101
2023-02-16,0,1123
2023-02-15,0,1220
2023-02-14,0,1306
2023-02-13,0,1499
2023-02-12,0,911
2023-02-11,0,790
2023-02-10,0,1090
2023-02-09,1,1193
2023-02-08,0,1328
2023-02-07,0,1641
2023-02-06,0,1081
2023-02-05,0,799
2023-02-04,0,837
2023-02-03,0,1109
2023-02-02,0,1312
2023-02-01,0,1480
2023-01-31,0,1702
2023-01-30,0,1608
2023-01-29,0,1052
2023-01-28,0,859
2023-01-27,0,1337
2023-01-26,0,1578
2023-01-25,1,1740
2023-01-24,0,1877
2023-01-23,0,2130
2023-01-22,0,1239
2023-01-21,0,1070
2023-01-20,0,1710
2023-01-19,0,1947
2023-01-18,0,2312
2023-01-17,0,2584
2023-01-16,0,3011
2023-01-15,0,1710
2023-01-14,0,1607
2023-01-13,0,2433
2023-01-12,0,2783
2023-01-11,0,3094
2023-01-10,0,3512
2023-01-09,0,4038
2023-01-08,0,2430
2023-01-07,0,2347
2023-01-06,0,3244
2023-01-05,0,3586
2023-01-04,0,4388
2023-01-03,0,3089
2023-01-02,0,2572
2023-01-01,0,1870
2022-12-31,0,2268
2022-12-30,0,3312
2022-12-29,0,3818
2022-12-28,0,4579
2022-12-27,0,3641
2022-12-26,0,3255
2022-12-25,0,2164
2022-12-24,0,2815
2022-12-23,0,4050
2022-12-22,0,4654
2022-12-21,0,5338
2022-12-20,0,6131
2022-12-19,0,6835
2022-12-18,0,4010
2022-12-17,0,3826
2022-12-16,0,5315
2022-12-15,0,6515
2022-12-14,0,7084
2022-12-13,0,7511
2022-12-12,0,8442
2022-12-11,0,4733
2022-12-10,0,3848
2022-12-09,0,5353
2022-12-08,0,5604
2022-12-07,0,6314
2022-12-06,0,6710
2022-12-05,0,7493
2022-12-04,0,3906
2022-12-03,0,3311
2022-12-02,0,4543
2022-12-01,0,5014
2022-11-30,0,5826
2022-11-29,0,5907
2022-11-28,0,5995
2022-11-27,0,3229
2022-11-26,0,2714
2022-11-25,0,3546
2022-11-24,0,3915
2022-11-23,0,4303
2022-11-22,0,4588
2022-11-21,0,4764
2022-11-20,0,2655
2022-11-19,0,2376
2022-11-18,0,4330
2022-11-17,0,2873
2022-11-16,0,3683
2022-11-15,0,3846
2022-11-14,0,4284
2022-11-13,0,2516
2022-11-12,0,2107
2022-11-11,0,2776
2022-11-10,0,3179
2022-11-09,0,3504
2022-11-08,0,3571
2022-11-07,0,3912
2022-11-06,0,2313
2022-11-05,0,1923
2022-11-04,0,2719
2022-11-03,0,3148
2022-11-02,0,3329
2022-11-01,0,3495
2022-10-31,0,3856
2022-10-30,0,2396
2022-10-29,0,2142
2022-10-28,0,2867
2022-10-27,0,3171
2022-10-26,0,3577
2022-10-25,0,3923
2022-10-24,0,2410
2022-10-23,0,1638
2022-10-22,0,1588
2022-10-21,0,2197
2022-10-20,0,2433
2022-10-19,0,2635
2022-10-18,0,2924
2022-10-17,0,2923
2022-10-16,0,1751
2022-10-15,0,1469
2022-10-14,0,1907
2022-10-13,0,2174
2022-10-12,0,2330
2022-10-11,0,2213
2022-10-10,0,2444
2022-10-09,0,1380
2022-10-08,0,1135
2022-10-07,0,1541
2022-10-06,0,1737
2022-10-05,0,1767
2022-10-04,0,1832
2022-10-03,0,1797
2022-10-02,0,1145
2022-10-01,0,927
2022-09-30,0,1446
2022-09-29,0,1576
2022-09-28,0,1661
2022-09-27,0,1939
2022-09-26,0,1256
2022-09-25,0,954
2022-09-24,0,913
2022-09-23,0,1289
2022-09-22,0,1540
2022-09-21,0,1649
2022-09-20,0,1622
2022-09-19,0,1817
2022-09-18,0,1022
2022-09-17,0,885
2022-09-16,0,1146
2022-09-15,0,1325
2022-09-14,0,1589
2022-09-13,0,1596
2022-09-12,1,2020
2022-09-11,0,1189
2022-09-10,0,1009
2022-09-09,0,1464
2022-09-08,1,1546
2022-09-07,0,1736
2022-09-06,2,1889
2022-09-05,0,2136
2022-09-04,0,1334
2022-09-03,0,1155
2022-09-02,0,1704
2022-09-01,0,1890
2022-08-31,0,2195
2022-08-30,0,2345
2022-08-29,0,2570
2022-08-28,0,1694
2022-08-27,0,1464
2022-08-26,0,2271
2022-08-25,0,2482
2022-08-24,0,2899
2022-08-23,0,3283
2022-08-22,0,3819
2022-08-21,0,2729
2022-08-20,0,2333
2022-08-19,1,3411
2022-08-18,0,3895
2022-08-17,0,4622
2022-08-16,0,4664
2022-08-15,0,4972
2022-08-14,0,3419
2022-08-13,0,2910
2022-08-12,0,3720
2022-08-11,0,4281
2022-08-10,0,5004
2022-08-09,2,5399
2022-08-08,0,6112
2022-08-07,0,4052
2022-08-06,0,3648
2022-08-05,0,4894
2022-08-04,0,5501
2022-08-03,0,6340
2022-08-02,0,6705
2022-08-01,0,7360
2022-07-31,0,5332
2022-07-30,0,4694
2022-07-29,0,6467
2022-07-28,0,7909
2022-07-27,0,7931
2022-07-26,0,9128
2022-07-25,0,9677
2022-07-24,0,7018
2022-07-23,0,6127
2022-07-22,1,8062
2022-07-21,0,9056
2022-07-20,0,10339
2022-07-19,0,10680
2022-07-18,0,10750
2022-07-17,0,7706
2022-07-16,0,6790
2022-07-15,0,9526
2022-07-14,0,10796
2022-07-13,0,11712
2022-07-12,0,11779
2022-07-11,1,11845
2022-07-10,0,8690
2022-07-09,0,7769
2022-07-08,5,9549
2022-07-07,5,9561
2022-07-06,2,10934
2022-07-05,1,10560
2022-07-04,1,9829
2022-07-03,0,6584
2022-07-02,6,5476
2022-07-01,5,6822
2022-06-30,1,7407
2022-06-29,6,7854
2022-06-28,3,8128
2022-06-27,0,8377
2022-06-26,3,5771
2022-06-25,1,4612
2022-06-24,1,4009
2022-06-23,1,5040
2022-06-22,2,5544
2022-06-21,1,5762
2022-06-20,1,5877
2022-06-19,1,4192
2022-06-18,0,3367
2022-06-17,2,4575
2022-06-16,2,5084
2022-06-15,3,5699
2022-06-14,2,5808
2022-06-13,0,6425
2022-06-12,2,4621
2022-06-11,2,4569
2022-06-10,2,5333
2022-06-09,6,6534
2022-06-08,2,8235
2022-06-07,1,7337
2022-06-06,0,5980
2022-06-05,0,4556
2022-06-04,4,4531
2022-06-03,3,6500
2022-06-02,3,6439
2022-06-01,5,8129
2022-05-31,1,8471
2022-05-30,1,8708
2022-05-29,1,5990
2022-05-28,0,4961
2022-05-27,4,6523
2022-05-26,2,7125
2022-05-25,1,7837
2022-05-24,2,8393
2022-05-23,0,8678
2022-05-22,1,6149
2022-05-21,1,5147
2022-05-20,0,6858
2022-05-19,1,8050
2022-05-18,0,9363
2022-05-17,1,9784
2022-05-16,0,10095
2022-05-15,3,7223
2022-05-14,0,5913
2022-05-13,0,7227
2022-05-12,1,7630
2022-05-11,0,9631
2022-05-10,0,8209
2022-05-09,0,9448
2022-05-08,0,6553
2022-05-07,2,5808
2022-05-06,4,6923
2022-05-05,0,7561
2022-05-04,1,8869
2022-05-03,0,8813
2022-05-02,0,9331
2022-05-01,0,6806
2022-04-30,0,5827
2022-04-29,0,7220
2022-04-28,0,8418
2022-04-27,1,9253
2022-04-26,0,10049
2022-04-25,0,6533
2022-04-24,0,5784
2022-04-23,0,5755
2022-04-22,2,8051
2022-04-21,2,9521
2022-04-20,1,10413
2022-04-19,0,11385
2022-04-18,0,8456
2022-04-17,2,6327
2022-04-16,1,6009
2022-04-15,0,5815
2022-04-14,0,7901
2022-04-13,1,9705
2022-04-12,0,9594
2022-04-11,0,11220
2022-04-10,0,7684
2022-04-09,1,6789
2022-04-08,1,8595
2022-04-07,0,10041
2022-04-06,1,11746
2022-04-05,0,12686
2022-04-04,0,14223
2022-04-03,0,10271
2022-04-02,0,8853
2022-04-01,0,11693
2022-03-31,0,13561
2022-03-30,0,15319
2022-03-29,0,15994
2022-03-28,0,17219
2022-03-27,0,12547
2022-03-26,0,10687
2022-03-25,1,14202
2022-03-24,0,15944
2022-03-23,2,18497
2022-03-22,0,20170
2022-03-21,1,20977
2022-03-20,0,14495
2022-03-19,0,12043
2022-03-18,0,15630
2022-03-17,0,17108
2022-03-16,0,19607
2022-03-15,0,19536
2022-03-14,0,21660
2022-03-13,0,15593
2022-03-12,0,14524
2022-03-11,0,18731
2022-03-10,0,21069
2022-03-09,1,21047
2022-03-08,0,22489
2022-03-07,0,23945
2022-03-06,0,17493
2022-03-05,0,15248
2022-03-04,0,18948
2022-03-03,0,22544
2022-03-02,0,23209
2022-03-01,0,22248
2022-02-28,0,19910
2022-02-27,6,14584
2022-02-26,8,12766
2022-02-25,2,24360
2022-02-24,10,5395
2022-02-23,4,3963
2022-02-22,10,3435
2022-02-21,13,2838
2022-02-20,6,2090
2022-02-19,9,2504
2022-02-18,10,1761
2022-02-17,23,1898
2022-02-16,16,1543
2022-02-15,28,1170
2022-02-14,18,746
2022-02-13,19,671
2022-02-12,35,705
2022-02-11,21,659
2022-02-10,22,448
2022-02-09,30,420
2022-02-08,30,158
2022-02-07,63,227
2022-02-06,21,212
2022-02-05,33,179
2022-02-04,48,242
2022-02-03,43,241
2022-02-02,50,155
2022-02-01,52,131
2022-01-31,62,115
2022-01-30,42,93
2022-01-29,47,143
2022-01-28,66,100
2022-01-27,48,110
2022-01-26,61,62
2022-01-25,35,25
2022-01-24,41,25
2022-01-23,58,21
2022-01-22,50,27
2022-01-21,36,36
2022-01-20,48,30
2022-01-19,31,29
2022-01-18,28,38
2022-01-17,67,14
2022-01-16,20,11
2022-01-15,63,26
2022-01-14,28,25
2022-01-13,26,21
2022-01-12,29,29
2022-01-11,43,25
2022-01-10,34,18
2022-01-09,29,32
2022-01-08,31,33
2022-01-07,29,35
2022-01-06,25,49
2022-01-05,41,17
2022-01-04,24,22
2022-01-03,19,29
2022-01-02,30,23
2022-01-01,19,46
2021-12-31,18,53
2021-12-30,13,53
2021-12-29,10,37
2021-12-28,9,65
2021-12-27,13,22
2021-12-26,12,25
2021-12-25,3,44
2021-12-24,6,80
2021-12-23,5,46
2021-12-22,8,78
2021-12-21,3,55
2021-12-20,10,27
2021-12-19,2,43
2021-12-18,5,72
2021-12-17,9,58
2021-12-16,4,76
2021-12-15,4,97
2021-12-14,2,75
2021-12-13,1,64
2021-12-12,0,72
2021-12-11,2,95
2021-12-10,2,85
2021-12-09,2,91
2021-12-08,1,112
2021-12-07,2,105
2021-12-06,1,87
2021-12-05,1,98
2021-12-04,2,100
2021-12-03,3,125
2021-12-02,3,108
2021-12-01,2,131
2021-11-30,1,136
2021-11-29,4,127
2021-11-28,3,172
2021-11-27,1,136
2021-11-26,8,158
2021-11-25,3,195
2021-11-24,7,188
2021-11-23,1,181
2021-11-22,4,182
2021-11-21,1,204
2021-11-20,2,206
2021-11-19,3,169
2021-11-18,0,176
2021-11-17,1,201
2021-11-16,0,165
2021-11-15,0,183
2021-11-14,0,221
2021-11-13,1,146
2021-11-12,2,170
2021-11-11,2,212
2021-11-10,0,226
2021-11-09,1,158
2021-11-08,3,121
2021-11-07,2,148
2021-11-06,2,168
2021-11-05,2,152
2021-11-04,2,179
2021-11-03,3,170
2021-11-02,5,115
2021-11-01,5,108
2021-10-31,2,154
2021-10-30,3,159
2021-10-29,3,114
2021-10-28,3,150
2021-10-27,6,105
2021-10-26,2,85
2021-10-25,1,73
2021-10-24,0,105
2021-10-23,2,90
2021-10-22,6,95
2021-10-21,0,116
2021-10-20,4,98
2021-10-19,2,88
2021-10-18,5,81
2021-10-17,7,75
2021-10-16,1,53
2021-10-15,0,40
2021-10-14,0,55
2021-10-13,1,89
2021-10-12,2,49
2021-10-11,1,36
2021-10-10,0,44
2021-10-09,1,48
2021-10-08,0,40
2021-10-07,3,38
2021-10-06,2,36
2021-10-05,2,40
2021-10-04,1,26
2021-10-03,2,25
2021-10-02,0,28
2021-10-01,0,29
2021-09-30,0,18
2021-09-29,3,24
2021-09-28,0,45
2021-09-27,2,7
2021-09-26,2,13
2021-09-25,1,22
2021-09-24,1,11
2021-09-23,2,10
2021-09-22,2,15
2021-09-21,1,24
2021-09-20,0,11
2021-09-19,1,24
2021-09-18,1,23
2021-09-17,2,21
2021-09-16,4,10
2021-09-15,4,16
2021-09-14,1,10
2021-09-13,3,14
2021-09-12,2,40
2021-09-11,3,15
2021-09-10,3,22
2021-09-09,3,10
2021-09-08,8,14
2021-09-07,1,13
2021-09-06,1,26
2021-09-05,4,15
2021-09-04,3,24
2021-09-03,2,22
2021-09-02,1,28
2021-09-01,4,44
2021-08-31,0,58
2021-08-30,0,63
2021-08-29,2,54
2021-08-28,0,78
2021-08-27,1,77
2021-08-26,2,79
2021-08-25,1,66
2021-08-24,2,60
2021-08-23,2,38
2021-08-22,3,36
2021-08-21,4,27
2021-08-20,2,20
2021-08-19,4,16
2021-08-18,8,4
2021-08-17,7,5
2021-08-16,0,0
2021-08-15,4,0
2021-08-14,3,0
2021-08-13,3,0
2021-08-12,0,0
2021-08-11,8,0
2021-08-10,3,0
2021-08-09,3,0
2021-08-08,12,0
2021-08-07,4,0
2021-08-06,2,0
2021-08-05,1,0
2021-08-04,0,0
2021-08-03,2,0
2021-08-02,2,0
2021-08-01,4,0
2021-07-31,0,0
2021-07-30,4,0
2021-07-29,0,0
2021-07-28,6,0
2021-07-27,1,0
2021-07-26,2,0
2021-07-25,0,0
2021-07-24,1,0
2021-07-23,3,0
2021-07-22,5,0
2021-07-21,6,0
2021-07-20,8,0
2021-07-19,6,0
2021-07-18,3,0
2021-07-17,4,0
2021-07-16,6,0
2021-07-15,2,0
2021-07-14,22,0
2021-07-13,0,0
2021-07-12,15,0
2021-07-11,3,0
2021-07-10,3,0
2021-07-09,0,0
2021-07-08,0,0
2021-07-07,2,0
2021-07-06,5,0
2021-07-05,1,0
2021-07-04,9,0
2021-07-03,3,0
2021-07-02,3,0
2021-07-01,3,0
2021-06-30,1,0
2021-06-29,1,0
2021-06-28,5,0
2021-06-27,6,0
2021-06-26,3,0
2021-06-25,3,0
2021-06-24,2,0
2021-06-23,1,0
2021-06-22,4,0
2021-06-21,0,0
2021-06-20,2,0
2021-06-19,2,0
2021-06-18,2,0
2021-06-17,1,0
2021-06-16,2,0
2021-06-15,0,0
2021-06-14,1,0
2021-06-13,0,0
2021-06-12,3,0
2021-06-11,4,0
2021-06-10,5,0
2021-06-09,1,0
2021-06-08,6,0
2021-06-07,4,0
2021-06-06,3,0
2021-06-05,0,0
2021-06-04,2,0
2021-06-03,1,0
2021-06-02,2,0
2021-06-01,5,0
2021-05-31,0,0
2021-05-30,2,0
2021-05-29,1,0
2021-05-28,0,0
2021-05-27,1,0
2021-05-26,0,0
2021-05-25,1,0
2021-05-24,2,0
2021-05-23,4,0
2021-05-22,0,0
2021-05-21,3,0
2021-05-20,1,0
2021-05-19,1,0
2021-05-18,6,0
2021-05-17,1,0
2021-05-16,5,0
2021-05-15,1,0
2021-05-14,0,0
2021-05-13,0,0
2021-05-12,1,0
2021-05-11,1,0
2021-05-10,0,0
2021-05-09,1,0
2021-05-08,1,0
2021-05-07,3,0
2021-05-06,5,0
2021-05-05,1,0
2021-05-04,4,0
2021-05-03,1,0
2021-05-02,4,0
2021-05-01,3,0
2021-04-30,4,0
2021-04-29,1,0
2021-04-28,2,0
2021-04-27,2,0
2021-04-26,4,0
2021-04-25,4,0
2021-04-24,0,0
2021-04-23,2,0
2021-04-22,0,0
2021-04-21,3,1
2021-04-20,0,1
2021-04-19,0,0
2021-04-18,1,1
2021-04-17,2,0
2021-04-16,2,0
2021-04-15,2,1
2021-04-14,2,0
2021-04-13,1,0
2021-04-12,4,0
2021-04-11,7,1
2021-04-10,6,0
2021-04-09,8,0
2021-04-08,5,0
2021-04-07,18,1
2021-04-06,7,0
2021-04-05,10,0
2021-04-04,7,0
2021-04-03,1,0
2021-04-02,4,0
2021-04-01,0,0
2021-03-31,5,0
2021-03-30,2,0
2021-03-29,2,0
2021-03-28,10,0
2021-03-27,2,0
2021-03-26,1,0
2021-03-25,3,0
2021-03-24,5,0
2021-03-23,3,0
2021-03-22,6,1
2021-03-21,5,0
2021-03-20,6,0
2021-03-19,6,0
2021-03-18,1,0
2021-03-17,7,0
2021-03-16,2,0
2021-03-15,1,0
2021-03-14,7,0
2021-03-13,1,0
2021-03-12,3,0
2021-03-11,1,0
2021-03-10,8,0
2021-03-09,1,0
2021-03-08,3,0
2021-03-07,7,0
2021-03-06,1,0
2021-03-05,9,0
2021-03-04,0,0
2021-03-03,6,0
2021-03-02,1,0
2021-03-01,4,0
2021-02-28,2,1
2021-02-27,2,2
2021-02-26,0,1
2021-02-25,1,1
2021-02-24,2,0
2021-02-23,4,3
2021-02-22,5,0
2021-02-21,0,1
2021-02-20,2,0
2021-02-19,6,1
2021-02-18,0,0
2021-02-17,3,2
2021-02-16,1,1
2021-02-15,1,0
2021-02-14,4,1
2021-02-13,0,2
2021-02-12,4,0
2021-02-11,1,0
2021-02-10,2,0
2021-02-09,2,0
2021-02-08,1,0
2021-02-07,0,0
2021-02-06,2,0
2021-02-05,2,0
2021-02-04,3,1
2021-02-03,3,0
2021-02-02,4,0
2021-02-01,1,0
2021-01-31,0,0
2021-01-30,0,0
2021-01-29,2,0
2021-01-28,5,0
2021-01-27,4,2
2021-01-26,1,0
2021-01-25,2,0
2021-01-24,6,0
2021-01-23,6,0
2021-01-22,3,0
2021-01-21,4,0
2021-01-20,3,1
2021-01-19,2,0
2021-01-18,2,0
2021-01-17,2,0
2021-01-16,5,0
2021-01-15,6,0
2021-01-14,5,1
2021-01-13,8,0
2021-01-12,2,0
2021-01-11,6,0
2021-01-10,9,0
2021-01-09,7,1
2021-01-08,4,0
2021-01-07,18,0
2021-01-06,2,0
2021-01-05,2,0
2021-01-04,1,0
2021-01-03,3,0
2021-01-02,8,0
2021-01-01,6,0
2020-12-31,3,0
2020-12-30,7,0
2020-12-29,4,0
2020-12-28,6,0
2020-12-27,3,0
2020-12-26,3,0
2020-12-25,2,0
2020-12-24,6,0
2020-12-23,3,0
2020-12-22,2,0
2020-12-21,5,0
2020-12-20,4,0
2020-12-19,7,0
2020-12-18,2,0
2020-12-17,4,0
2020-12-16,4,0
2020-12-15,0,0
2020-12-14,4,0
2020-12-13,0,0
2020-12-12,5,0
2020-12-11,1,0
2020-12-10,3,0
2020-12-09,2,0
2020-12-08,2,0
2020-12-07,6,0
2020-12-06,2,0
2020-12-05,0,0
2020-12-04,9,0
2020-12-03,3,0
2020-12-02,2,0
2020-12-01,3,0
2020-11-30,6,0
2020-11-29,3,0
2020-11-28,4,0
2020-11-27,3,0
2020-11-26,7,0
2020-11-25,1,0
2020-11-24,3,0
2020-11-23,10,0
2020-11-22,2,0
2020-11-21,6,0
2020-11-20,4,0
2020-11-19,1,0
2020-11-18,7,1
2020-11-17,1,0
2020-11-16,3,0
2020-11-15,1,0
2020-11-14,2,1
2020-11-13,3,0
2020-11-12,3,1
2020-11-11,2,1
2020-11-10,1,0
2020-11-09,4,0
2020-11-08,1,0
2020-11-07,5,1
2020-11-06,0,1
2020-11-05,1,0
2020-11-04,2,1
2020-11-03,0,1
2020-11-02,3,2
2020-11-01,3,0
2020-10-31,5,0
2020-10-30,6,0
2020-10-29,1,0
2020-10-28,6,0
2020-10-27,3,0
2020-10-26,1,0
2020-10-25,4,0
2020-10-24,0,0
2020-10-23,17,1
2020-10-22,2,1
2020-10-21,2,2
2020-10-20,22,0
2020-10-19,1,0
2020-10-18,1,0
2020-10-17,3,1
2020-10-16,1,0
2020-10-15,5,0
2020-10-14,1,0
2020-10-13,2,0
2020-10-12,1,0
2020-10-11,3,0
2020-10-10,0,0
2020-10-09,4,0
2020-10-08,3,0
2020-10-07,3,0
2020-10-06,2,0
2020-10-05,3,0
2020-10-04,2,0
2020-10-03,4,0
2020-10-02,2,0
2020-10-01,6,0
2020-09-30,6,0
2020-09-29,0,0
2020-09-28,1,0
2020-09-27,2,0
2020-09-26,2,0
2020-09-25,1,0
2020-09-24,1,1
2020-09-23,3,0
2020-09-22,0,3
2020-09-21,1,0
2020-09-20,0,0
2020-09-19,1,2
2020-09-18,2,1
2020-09-17,0,0
2020-09-16,7,5
2020-09-15,0,0
2020-09-14,4,1
2020-09-13,0,1
2020-09-12,1,1
2020-09-11,0,2
2020-09-10,0,2
2020-09-09,2,1
2020-09-08,0,6
2020-09-07,2,4
2020-09-06,1,2
2020-09-05,2,5
2020-09-04,3,2
2020-09-03,1,2
2020-09-02,1,4
2020-09-01,2,4
2020-08-31,12,2
2020-08-30,1,4
2020-08-29,0,4
2020-08-28,9,9
2020-08-27,0,6
2020-08-26,2,5
2020-08-25,1,3
2020-08-24,0,7
2020-08-23,1,7
2020-08-22,2,2
2020-08-21,1,6
2020-08-20,2,5
2020-08-19,0,5
2020-08-18,1,10
2020-08-17,0,9
2020-08-16,0,12
2020-08-15,1,13
2020-08-14,0,5
2020-08-13,0,12
2020-08-12,2,13
2020-08-11,1,4
2020-08-10,0,0
2020-08-09,0,0
2020-08-08,0,0
2020-08-07,0,0
2020-08-06,0,0
2020-08-05,0,0
2020-08-04,2,0
2020-08-03,0,0
2020-08-02,3,0
2020-08-01,2,0
2020-07-31,2,0
2020-07-30,0,0
2020-07-29,1,0
2020-07-28,1,0
2020-07-27,2,0
2020-07-26,0,0
2020-07-25,0,0
2020-07-24,1,0
2020-07-23,0,0
2020-07-22,0,0
2020-07-21,0,0
2020-07-20,1,0
2020-07-19,1,0
2020-07-18,2,0
2020-07-17,2,0
2020-07-16,1,0
2020-07-15,0,0
2020-07-14,3,0
2020-07-13,1,0
2020-07-12,0,0
2020-07-11,1,0
2020-07-10,0,0
2020-07-09,3,0
2020-07-08,2,0
2020-07-07,2,0
2020-07-06,3,0
2020-07-05,3,0
2020-07-04,0,0
2020-07-03,0,0
2020-07-02,1,0
2020-07-01,1,0
2020-06-30,0,0
2020-06-29,1,0
2020-06-28,1,0
2020-06-27,5,0
2020-06-26,1,0
2020-06-25,1,0
2020-06-24,3,0
2020-06-23,1,0
2020-06-22,2,0
2020-06-21,3,0
2020-06-20,1,0
2020-06-19,2,0
2020-06-18,0,0
2020-06-17,1,0
2020-06-16,2,0
2020-06-15,0,0
2020-06-14,0,0
2020-06-13,0,0
2020-06-12,0,0
2020-06-11,0,0
2020-06-10,0,0
2020-06-09,0,0
2020-06-08,0,0
2020-06-07,0,0
2020-06-06,0,0
2020-06-05,0,0
2020-06-04,0,0
2020-06-03,0,0
2020-06-02,0,0
2020-06-01,0,0
2020-05-31,0,0
2020-05-30,0,0
2020-05-29,0,0
2020-05-28,0,0
2020-05-27,0,0
2020-05-26,0,0
2020-05-25,0,0
2020-05-24,0,0
2020-05-23,0,0
2020-05-22,0,1
2020-05-21,0,0
2020-05-20,0,0
2020-05-19,0,0
2020-05-18,0,0
2020-05-17,0,0
2020-05-16,0,0
2020-05-15,0,1
2020-05-14,0,1
2020-05-13,0,0
2020-05-12,0,0
2020-05-11,0,0
2020-05-10,1,2
2020-05-09,1,0
2020-05-08,0,1
2020-05-07,0,1
2020-05-06,0,2
2020-05-05,0,2
2020-05-04,0,0
2020-05-03,1,0
2020-05-02,0,0
2020-05-01,0,6
2020-04-30,0,3
2020-04-29,1,1
2020-04-28,1,0
2020-04-27,0,3
2020-04-26,0,3
2020-04-25,1,5
2020-04-24,0,6
2020-04-23,1,4
2020-04-22,1,4
2020-04-21,0,6
2020-04-20,0,3
2020-04-19,2,8
2020-04-18,2,8
2020-04-17,3,9
2020-04-16,3,14
2020-04-15,0,11
2020-04-14,3,13
2020-04-13,0,11
2020-04-12,5,15
2020-04-11,9,16
2020-04-10,6,21
2020-04-09,4,40
2020-04-08,9,19
2020-04-07,8,29
2020-04-06,7,46
2020-04-05,9,61
2020-04-04,16,61
2020-04-03,15,60
2020-04-02,26,56
2020-04-01,36,37
2020-03-31,22,55
2020-03-30,19,33
2020-03-29,26,48
2020-03-28,35,37
2020-03-27,35,40
2020-03-26,54,25
2020-03-25,52,32
2020-03-24,40,18
2020-03-23,28,13
2020-03-22,29,15
2020-03-21,13,11
2020-03-20,8,3
2020-03-19,13,5
2020-03-18,4,1
2020-03-17,10,2
2020-03-16,7,0
2020-03-15,1,0
2020-03-14,1,0
2020-03-13,1,0
2020-03-12,1,0
2020-03-11,0,0
2020-03-10,0,0
2020-03-09,0,0
2020-03-08,0,0
2020-03-07,0,0
2020-03-06,0,1
2020-03-05,2,0
2020-03-04,1,1
2020-03-03,0,0
2020-03-02,1,0
2020-03-01,0,0
2020-02-29,0,0
2020-02-28,0,0
2020-02-27,0,0
2020-02-26,1,0